Workbook

Sheet Классификация
A1: Здание | B1: Класс | C1: Спрос
A2: Многоквартирный жилой дом | B2: Ф1.3 | C2: =VLOOKUP(B2,Веса!A$2:D$25,4) -> 0.014151596
A3: Торговое здание | B3: Ф3.1 | C3: =VLOOKUP(B3,Веса!A$2:D$25,4) -> 0.0037255037
A4: Общественное здание | B4: Ф3.5 | C4: =VLOOKUP(B4,Веса!A$2:D$25,4) -> 0.0024773594
A5: Церковь | B5: Ф3.7 | C5: =VLOOKUP(B5,Веса!A$2:D$25,4) -> 0.0048905152
A6: Детский сад | B6: Ф1.1 | C6: =VLOOKUP(B6,Веса!A$2:D$25,4) -> 0.0099446452
A7: Школа | B7: Ф4.1 | C7: =VLOOKUP(B7,Веса!A$2:D$25,4) -> 0.0045290036
A8: Производственное здание | B8: Ф5.1 | C8: =VLOOKUP(B8,Веса!A$2:D$25,4) -> 0.0010532575
A9: Спортивное сооружение | B9: Ф3.6 | C9: =VLOOKUP(B9,Веса!A$2:D$25,4) -> 0.0045900391
A10: Больница | B10: Ф1.1 | C10: =VLOOKUP(B10,Веса!A$2:D$25,4) -> 0.0099446452
A11: Административное здание | B11: Ф4.3 | C11: =VLOOKUP(B11,Веса!A$2:D$25,4) -> 0.0010862381
A12: Гараж | B12: Ф5.2 | C12: =VLOOKUP(B12,Веса!A$2:D$25,4) -> 0.0023218229
A13: Служебная постройка | B13: Ф5.2 | C13: =VLOOKUP(B13,Веса!A$2:D$25,4) -> 0.0023218229
A14: неизвестно | B14: Ф0 | C14: 0.00031
A15: Жилой дом | B15: Ф1.4 | C15: =VLOOKUP(B15,Веса!A$2:D$25,4) -> 0.0012555876
A16: Дача | B16: Ф1.5 | C16: =VLOOKUP(B16,Веса!A$2:D$25,4) -> 3.3254813e-05
A17: ЖД Вокзал | B17: Ф3.3 | C17: =VLOOKUP(B17,Веса!A$2:D$25,4) -> 0.0042632259
A18: Строительство | B18: Ф0 | C18: 0.00031
A19: Конюшня | B19: Ф5.3 | C19: =VLOOKUP(B19,Веса!A$2:D$25,4) -> 0.001662167

Sheet Веса
A1: КФПО | B1: Теоретическая частота возникновения пожаров, пож/год | C1: Оценочный коэффициент последствий от пожаров | D1: Спрос на услуги пожарной охраны | E1: Описание
A2: Ф1.1 | B2: 0.0051214545 | C2: 1.9417619 | D2: =B2*C2 -> 0.0099446452 | E2: Ф1.1 - зд. дошк. образ. орг., спец. домов прест. и инв. (некварт.), б-цы, спальн. корп. обр. орг. с налич. инт.
A3: Ф1.2 | B3: 0.0060154545 | C3: 1.0016129 | D3: =B3*C3 -> 0.0060251569 | E3: Ф1.2 - гостиницы, общеж., спальн. корп. санаториев и домов отд. общего типа, кемпингов, мотелей и пансионатов
A4: Ф1.3 | B4: 0.016768182 | C4: 0.84395533 | D4: =B4*C4 -> 0.014151596 | E4: Ф1.3 - многоквартирные жилые дома
A5: Ф1.4 | B5: 0.0019692727 | C5: 0.63758949 | D5: =B5*C5 -> 0.0012555876 | E5: Ф1.4 - однокварт. жилые дома, в том числе блокированные
A6: Ф1.5 | B6: 5.9909091e-05 | C6: 0.55508793 | D6: =B6*C6 -> 3.3254813e-05 | E6: Ф1.5 - дачные домики, не предназначенные для постоянного проживания
A7: Ф2.1 | B7: 0.0016405455 | C7: 2.7260017 | D7: =B7*C7 -> 0.0044721297 | E7: Ф2.1 - театры, кинот., конц. залы, клубы, цирки, спорт. соор. с триб., библ. с расч. числ. мест в закр. помещ.
A8: Ф2.2 | B8: 0.0038973636 | C8: 0.66495434 | D8: =B8*C8 -> 0.0025915689 | E8: Ф2.2 - музеи, выставки, танц. залы и др. подобные учрежд. в закрытых помещениях
A9: Ф2.3 | B9: 0.004212928 | C9: 0.56831413 | D9: =B9*C9 -> 0.0023942665 | E9: Ф2.3 - театры, кинот., конц. залы, клубы, цирки, спорт. соор. с триб., библ. с расч. числ. мест на откр. воздухе
A10: Ф2.4 | B10: 0.004212928 | C10: 0.57630991 | D10: =B10*C10 -> 0.0024279522 | E10: Ф2.4 - музеи, выставки, танц. залы и др. подобные учрежд. на открытом воздухе
A11: Ф3.1 | B11: 0.0072415455 | C11: 0.51446252 | D11: =B11*C11 -> 0.0037255037 | E11: Ф3.1 - здания организаций торговли
A12: Ф3.2 | B12: 0.0074558182 | C12: 0.67120553 | D12: =B12*C12 -> 0.0050043864 | E12: Ф3.2 - здания организаций общественного питания
A13: Ф3.3 | B13: 0.0067094545 | C13: 0.63540574 | D13: =B13*C13 -> 0.0042632259 | E13: Ф3.3 - вокзалы
... A24: Ф5.3 | B24: 0.004212928 | C24: 0.39453961 | D24: =B24*C24 -> 0.001662167 | E24: Ф5.3 - здания сельскохозяйственного назначения
A25: Ф0 | B25: 0.00038145455 | C25: =AVERAGE(C2:C24) -> 0.80352236 | D25: =B25*C25 -> 0.00030650726 | E25: Отсутствует/не известно
